ジャンル,HTML名,タイトル
シノビガミ,断罪部屋.html,断罪
シノビガミ,楽園.html,楽園
シノビガミ,杜若.html,五月雨滴る杜若
シノビガミ,月光暗影.html,月光に渇きし暗影
シノビガミ,朝晨星 sideB.html,朝晨星 sideB
シノビガミ,朝晨星_紅織.html,朝晨星 sideN
シノビガミ,『朝晨星』凪.html,朝晨星feat.凪
シノビガミ,朝晨星 sideT.html,朝晨星 sideT

CoC,Doll.html,Doll
CoC,ひとつは薄紅、ふたつは真紅.html,ひとつは薄紅、ふたつは真紅
CoC,もっとたべたい.html,もっとたべたい（revenge）
CoC,ガレッド.html,ガレットデロワ
CoC,トロイメライ.html,口無し花ののトロイメライ
CoC,階段の怪談.html,ある学校の階段の怪談
CoC,愛すべき馬鹿.html,愛すべき馬鹿と知的な時を
CoC,誰為.html,誰が為に歌われる
CoC,スケベ密室.html,理不尽スケベ密室
CoC,水底.html,水底から呼ぶ者
CoC,鬼ノ怪.html,鬼ノ怪
CoC,パン屋.html,パン屋での戦い～トングをカチカチいわせろ～
CoC,金縷梅.html,亡霊の屋敷-金縷梅の冀望-
CoC,胡蝶.html,胡蝶は誰が為に夢を見る
CoC,探索者なんだからカレーライスくらい作れるよね！.html,探索者なんだからカレーライスくらい作れるよね！
CoC,赤ずきん殺人事件.html,赤ずきん殺人事件
CoC,草取村.html,イート・アンド・ウォーカーズ-草取村の疑惑-
CoC,巡る妖精.html,巡る妖精
CoC,ランタン.html,ランタンの灯りは夜の明けない街に灯る
CoC,白の囚人.html,白の囚人
CoC,鮫ゾンビ.html,ナチスシャークvsゾンビ
CoC,あの夏、お姉様.html,あの夏、お姉様と湖のほとりで
CoC,ブッチャーレストラン.html,ブッチャーのおいしいレストラン
CoC,ハロウィン.html,ハロウィンタウンとみっつの試練
CoC,寄る辺.html,寄る辺なきものたちの楽園
CoC,マッスル.html,マッスルカフェ
CoC,スケベ館.html,理不尽スケベの館
CoC,T高.html,都市伝説『T高のU子さん』
CoC,豆腐.html,究極の豆腐よ、きたれぇ！
CoC,パラノイド.html,パラノイドたちの密会
CoC,1D100.html,「えっ、お前まだ1d100クラスに会ったことないの！？」
CoC,タピオカ.html,タピオカVS宇宙的恐怖
CoC,シュブシュブ.html,プレセッション_今夜はワクワク！シュブ＝ニグラス・クイズ
CoC,終末婚1章.html,1章_酒池肉林ファンタスマゴリア
CoC,相克.html,消防車・たらこ・滝・火炎放射器
CoC,MMM.html,「MMM！」
CoC,狂気山脈.html,狂気山脈～邪神の山嶺～
CoC,小鳥の夢.html,小鳥の夢はいずこへ
CoC,密室2.html,理不尽スケベ密室
CoC,レンブン.html,レンジでブン！
CoC,N川.html,N川殺人事件
CoC,パーリィ.html,Welcom to NIGHT×PARTY！
CoC,おしり.html,おしりになんか入ってる！
CoC,誰ロク.html,誰がロックを殺すのか
CoC,ふしぎな研究棟.html,『ふしぎな不思議な研究棟』
CoC,NO_BEAM_NO_LIFE_1.html,NO_BEAM_NO_LIFE vol.1
CoC,底にいる.html,底にいる
CoC,更生る.html,更生る（いきかえる）
CoC,ビーム2.html,NO_BEAM_NO_LIFE vol.2
エモクロア,きさらぎ.html,新約・きさらぎ駅1
エモクロア,きさらぎ2.html,新約・きさらぎ駅2
エモクロア,オリカミ.html,オリカミ
エモクロア,BB.html,BB with the TIME MACHINE
CoC,相思相愛スウィートホーム.html,2章_相思相愛スウィートホーム
CoC,落花流水アンダーカレント.html,3章_落花流水アンダーカレント
CoC,拍手喝采.html,最終章_拍手喝采セレブレーション
CoC,腐乱腐乱.html,腐乱腐乱
シノビガミ,忘却願い1.html,一つの忘却、二つの願い#1
CoC,Dream_Box .html,Dream_Box
シノビガミ,友愛.html,友愛
シノビガミ,九楽市妖魔騒動.html,九楽市妖魔騒動
フタリソウサ,./推理ゲームに行こう（整形版）/log_export.html,推理ゲームに行こう
フタリソウサ,./喫茶イエローサブマリン事件（整形版）/log_export.html,喫茶イエローサブマリン事件
シノビガミ,乱雲は城の中で.html,乱雲は城の中で
フタリソウサ,./魔法的ショコラみるく殺人事件（整形板）/log_export.html,魔法的ショコラみるく殺人事件
その他TRPG,The_3rd_Seal .html,ナイトウィザードThe_3rd_Edition『The_3rd_Seal』
その他TRPG,アマテラスvol.1.html,神話創世RPGアマデウス『アマテラスは引きこもりたい』
その他TRPG,アマテラスvol.2.html,神話創世RPGアマデウス『アマテラスは引きこもりたい』2
煙草屋製作所卓,恋文は突然に.html,ギャップおじさんTRPG_恋文は突然に
煙草屋製作所卓,遊園地_相談用.html,TTT_遊園地/相談部屋
煙草屋製作所卓,遊園地_本番用.html,TTT_遊園地/本番部屋
煙草屋製作所卓,閉鎖された村_相談用.html,TTT_閉鎖された村/相談部屋
煙草屋製作所卓,閉鎖された村_本番用.html,TTT_閉鎖された村/本番部屋
煙草屋製作所卓,豪華客船_相談用.html,TTT_豪華客船/相談部屋
煙草屋製作所卓,豪華客船_本番用.html,TTT_豪華客船/本番部屋
煙草屋製作所卓,おいでよ！しゅらばにあん離島！_相談.html,ToTT_おいでよ！しゅらばにあん離島！/相談部屋
煙草屋製作所卓,おいでよ！しゅらばにあん離島！_本番.html,ToTT_おいでよ！しゅらばにあん離島！/本番部屋
煙草屋製作所卓,おいでよ！廃病院-相談.html,ToTT_廃病院/相談部屋
煙草屋製作所卓,おいでよ！廃病院-本番.html,ToTT_廃病院/本番部屋
シノビガミ,湖の底に花沈む.html,湖の底に花沈む
シノビガミ,夜.html,夜に灯りを、君には陽だまりを sideS
シノビガミ,『夜に灯りを、君には陽だまりを』.html,夜に灯りを、君には陽だまりを side長生村
シノビガミ,月夜杯.html,月夜杯
シノビガミ,エルファンナイト.html,黒銀のエルファンナイト

準備中,『朝晨星』side.P.html,『朝晨星』side.P
準備中,桑港殺忍事件 side.SB.html,桑港殺忍事件 side.SB
準備中,桑港殺忍事件 side.PT.html,桑港殺忍事件 side.PT